{
    "mae": 711.0531165729535,
    "rmse": 892.4248306855026,
    "r2": 0.5602016762786015
}